# error-message-inventory.csv -- user-facing error strings inventory (API error envelope messages + UI-defined fallback/boundary text). Scope EXCLUDES src/domains/import/, src/app/(app)/import/, and src/app/api/import/ -- owned by another workstream, not touched or inventoried here. harm_rank: 1=worst (no idea what to do), 2=wrong cause stated, 3=raw/technical leakage, 4=terse but honest, 5=already clear (lower priority). verified=yes means a test proves the route in reachable_state renders proposed_message; blank = not yet addressed by this pass of the loop.
id,source_file,line,code,current_message,surface,reachable_state,harm_rank,proposed_message,verified
ui-001,src/app/(app)/lists/[id]/components/brand-kit-panel.tsx,230,(client fallback),Something went wrong.,ui,Brand kit save/propose/apply request throws a non-Error value (fetch network failure with no Error instance),1,,
ui-002,src/app/(app)/scan/scanner.tsx,818,(client fallback),Unknown error.,ui,Scanner capture/upload fails with no error message available on the caught error state,1,,
api-003,src/app/api/open-bottles/[id]/close/route.ts,64,forbidden,Forbidden.,api,POST /api/open-bottles/:id/close,1,This bottle isn't in your restaurant. Refresh the page and try again.,yes
api-004,src/app/api/open-bottles/close/route.ts,83,forbidden,Forbidden,api,POST /api/open-bottles/close,1,This bottle isn't in your restaurant. Refresh the page and try again.,yes
api-005,src/app/api/open-bottles/route.ts,53,wine_not_found,Wine not found.,api,POST /api/open-bottles with a missing or cross-tenant wine,5,Wine not found.,yes
api-006,src/app/api/pour/route.ts,52,wine_not_found,Wine not found.,api,POST /api/pour with a missing or cross-tenant wine,5,Wine not found.,yes
api-007,src/app/api/pour/undo/route.ts,62,forbidden,Forbidden.,api,POST /api/pour/undo,1,This wine isn't in your restaurant. Refresh the page and try again.,yes
api-008,src/app/api/reconcile/route.ts,71,forbidden,Forbidden.,api,POST /api/reconcile,1,One or more of these wines aren't in your restaurant. Refresh the page and try again.,yes
api-009,src/app/api/restaurant/[id]/route.ts,94,forbidden,Forbidden.,api,PATCH /api/restaurant/:id,1,This restaurant doesn't match your account. Refresh the page and try again.,yes
api-010,src/app/api/restaurant/[id]/route.ts,125,forbidden,Forbidden.,api,DELETE /api/restaurant/:id,1,This restaurant doesn't match your account. Refresh the page and try again.,yes
api-011,src/app/api/reconcile-queue/accept/route.ts,58,identity_mismatch,(dynamic) error.message,api,? /api/reconcile-queue/accept,3,,
api-012,src/app/api/reconcile-queue/accept/route.ts,61,reconcile_conflict,(dynamic) error.message,api,? /api/reconcile-queue/accept,3,,
api-013,src/app/api/reconcile-queue/undo/route.ts,16,reconcile_conflict,(dynamic) error.message,api,? /api/reconcile-queue/undo,3,,
api-014,src/app/api/wine-lists/[id]/publish/route.ts,63,invalid_slug,(dynamic) error,api,POST /api/wine-lists/:id/publish,3,,
api-015,src/app/api/wines/[id]/image/route.ts,60,unsupported_media_type,(dynamic) error.message,api,POST /api/wines/:id/image,3,,
api-016,src/app/api/wines/[id]/image/route.ts,63,too_large,(dynamic) error.message,api,POST /api/wines/:id/image,3,,
api-017,src/app/api/wines/[id]/image/route.ts,69,internal_error,(dynamic) error.message,api,POST /api/wines/:id/image,3,,
api-018,src/app/api/wines/[id]/image/route.ts,99,internal_error,(dynamic) error.message,api,DELETE /api/wines/:id/image,3,,
api-019,src/app/api/wines/merge/route.ts,99,merge_rejected,(dynamic) rpcError.message,api,POST /api/wines/merge,3,,
api-020,src/app/api/wines/merge/route.ts,105,forbidden,(dynamic) rpcError.message,api,POST /api/wines/merge,3,,
ui-021,src/app/(app)/lists/[id]/components/publish-modal.tsx,81,(client fallback),Publish failed.,ui,POST /api/wine-lists/:id/publish response body has no error.error string to display,4,,
ui-022,src/app/(app)/lists/[id]/components/publish-modal.tsx,103,(client fallback),Unpublish failed.,ui,POST /api/wine-lists/:id/publish (unpublish) response has no server message to display,4,,
ui-023,src/app/(app)/lists/[id]/components/publish-modal.tsx,142,(client fallback),Failed to update slug.,ui,PATCH slug on wine list publish modal returns no server message to display,4,,
ui-024,src/app/(app)/reconcile-queue/reconcile-queue-client.tsx,14,(client fallback),Queue unavailable.,ui,Reconcile queue data hook errors with no message and no data loaded,4,,
api-025,src/app/api/bins/[id]/route.ts,246,bad_request,No valid fields to update.,api,PATCH /api/bins/:id,4,,
api-026,src/app/api/cellar/[id]/route.ts,44,bad_request,No valid fields to update.,api,PATCH /api/cellar/:id,4,,
api-027,src/app/api/cellar/[id]/route.ts,64,internal_error,Update failed.,api,PATCH /api/cellar/:id,4,,
api-028,src/app/api/cellar/batch-section/route.ts,30,bad_request,Invalid JSON.,api,POST /api/cellar/batch-section,4,,
api-029,src/app/api/cellar/batch-section/route.ts,35,validation_error,Invalid input.,api,POST /api/cellar/batch-section,4,,
api-030,src/app/api/cellar/config/route.ts,73,bad_request,Invalid JSON.,api,POST /api/cellar/config,4,,
api-031,src/app/api/cellar/config/route.ts,130,bad_request,Invalid JSON.,api,PATCH /api/cellar/config,4,,
api-032,src/app/api/cellar/route.ts,53,bad_request,Invalid JSON.,api,POST /api/cellar,4,,
api-033,src/app/api/cellar/route.ts,58,validation_error,Invalid input.,api,POST /api/cellar,4,,
api-034,src/app/api/pour/route.ts,99,internal_error,Pour failed.,api,POST /api/pour,4,,
api-035,src/app/api/pour/undo/route.ts,65,internal_error,Undo failed.,api,POST /api/pour/undo,4,,
api-036,src/app/api/reconcile-queue/accept/route.ts,63,internal_error,Reconciliation failed.,api,? /api/reconcile-queue/accept,4,,
api-037,src/app/api/reconcile/route.ts,80,internal_error,Reconcile failed.,api,POST /api/reconcile,4,,
api-038,src/app/api/restaurant/[id]/route.ts,101,bad_request,No valid fields.,api,PATCH /api/restaurant/:id,4,,
api-039,src/app/api/team/accept-invite/route.ts,57,bad_request,Invalid JSON.,api,POST /api/team/accept-invite,4,,
api-040,src/app/api/team/invite/route.ts,26,bad_request,Invalid JSON.,api,POST /api/team/invite,4,,
api-041,src/app/api/team/members/[id]/route.ts,23,bad_request,Invalid JSON.,api,PATCH /api/team/members/:id,4,,
api-042,src/app/api/wine-list-items/[id]/route.ts,39,internal_error,Delete failed.,api,DELETE /api/wine-list-items/:id,4,,
api-043,src/app/api/wine-list-items/[id]/route.ts,82,bad_request,Invalid JSON.,api,PATCH /api/wine-list-items/:id,4,,
api-044,src/app/api/wine-list-items/[id]/route.ts,87,validation_error,Invalid body.,api,PATCH /api/wine-list-items/:id,4,,
api-045,src/app/api/wine-list-items/[id]/route.ts,91,bad_request,No valid fields.,api,PATCH /api/wine-list-items/:id,4,,
api-046,src/app/api/wine-list-items/[id]/route.ts,110,internal_error,Update failed.,api,PATCH /api/wine-list-items/:id,4,,
api-047,src/app/api/wine-list-items/reorder/route.ts,28,bad_request,Invalid JSON.,api,PATCH /api/wine-list-items/reorder,4,,
api-048,src/app/api/wine-list-items/reorder/route.ts,50,internal_error,Reorder failed.,api,PATCH /api/wine-list-items/reorder,4,,
api-049,src/app/api/wine-list-items/route.ts,27,bad_request,Invalid JSON.,api,POST /api/wine-list-items,4,,
api-050,src/app/api/wine-list-sections/[id]/route.ts,31,bad_request,Invalid JSON.,api,PATCH /api/wine-list-sections/:id,4,,
api-051,src/app/api/wine-list-sections/[id]/route.ts,36,validation_error,Invalid body.,api,PATCH /api/wine-list-sections/:id,4,,
api-052,src/app/api/wine-list-sections/[id]/route.ts,54,internal_error,Update failed.,api,PATCH /api/wine-list-sections/:id,4,,
api-053,src/app/api/wine-list-sections/[id]/route.ts,84,internal_error,Delete failed.,api,DELETE /api/wine-list-sections/:id,4,,
api-054,src/app/api/wine-list-sections/reorder/route.ts,20,bad_request,Invalid JSON.,api,PATCH /api/wine-list-sections/reorder,4,,
api-055,src/app/api/wine-list-sections/reorder/route.ts,48,internal_error,Reorder failed.,api,PATCH /api/wine-list-sections/reorder,4,,
api-056,src/app/api/wine-list-sections/route.ts,32,bad_request,Invalid JSON.,api,POST /api/wine-list-sections,4,,
api-057,src/app/api/wine-list-sections/route.ts,37,validation_error,Invalid body.,api,POST /api/wine-list-sections,4,,
api-058,src/app/api/wine-list-sections/route.ts,58,internal_error,Lookup failed.,api,POST /api/wine-list-sections,4,,
api-059,src/app/api/wine-list-sections/route.ts,79,internal_error,Count failed.,api,POST /api/wine-list-sections,4,,
api-060,src/app/api/wine-list-sections/route.ts,96,internal_error,Insert failed.,api,POST /api/wine-list-sections,4,,
api-061,src/app/api/wine-lists/[id]/clone/route.ts,70,internal_error,Clone failed.,api,POST /api/wine-lists/:id/clone,4,,
api-062,src/app/api/wine-lists/[id]/clone/route.ts,94,internal_error,Clone failed.,api,POST /api/wine-lists/:id/clone,4,,
api-063,src/app/api/wine-lists/[id]/clone/route.ts,117,internal_error,Clone failed.,api,POST /api/wine-lists/:id/clone,4,,
api-064,src/app/api/wine-lists/[id]/clone/route.ts,153,internal_error,Clone failed.,api,POST /api/wine-lists/:id/clone,4,,
api-065,src/app/api/wine-lists/[id]/publish/route.ts,114,internal_error,Publish failed.,api,POST /api/wine-lists/:id/publish,4,,
api-066,src/app/api/wine-lists/[id]/publish/route.ts,156,internal_error,Unpublish failed.,api,DELETE /api/wine-lists/:id/publish,4,,
api-067,src/app/api/wine-lists/[id]/route.ts,40,bad_request,Invalid JSON.,api,PATCH /api/wine-lists/:id,4,,
api-068,src/app/api/wine-lists/[id]/route.ts,86,bad_request,No valid fields to update.,api,PATCH /api/wine-lists/:id,4,,
api-069,src/app/api/wine-lists/[id]/route.ts,102,internal_error,Update failed.,api,PATCH /api/wine-lists/:id,4,,
api-070,src/app/api/wine-lists/[id]/route.ts,141,internal_error,Delete failed.,api,DELETE /api/wine-lists/:id,4,,
api-071,src/app/api/wine-lists/[id]/route.ts,166,internal_error,Delete failed.,api,DELETE /api/wine-lists/:id,4,,
api-072,src/app/api/wine-lists/[id]/route.ts,183,internal_error,Delete failed.,api,DELETE /api/wine-lists/:id,4,,
api-073,src/app/api/wine-lists/[id]/route.ts,198,internal_error,Delete failed.,api,DELETE /api/wine-lists/:id,4,,
api-074,src/app/api/wine-lists/[id]/route.ts,214,internal_error,Delete failed.,api,DELETE /api/wine-lists/:id,4,,
api-075,src/app/api/wine-lists/route.ts,24,bad_request,Invalid JSON.,api,POST /api/wine-lists,4,,
api-076,src/app/api/wines/[id]/availability/route.ts,44,bad_request,Invalid JSON.,api,PATCH /api/wines/:id/availability,4,,
api-077,src/app/api/wines/[id]/availability/route.ts,49,validation_error,Invalid body.,api,PATCH /api/wines/:id/availability,4,,
api-078,src/app/api/wines/[id]/availability/route.ts,69,internal_error,Lookup failed.,api,PATCH /api/wines/:id/availability,4,,
api-079,src/app/api/wines/[id]/availability/route.ts,93,internal_error,Update failed.,api,PATCH /api/wines/:id/availability,4,,
api-080,src/app/api/wines/[id]/dismiss-pricing-alert/route.ts,64,internal_error,Lookup failed.,api,POST /api/wines/:id/dismiss-pricing-alert,4,,
api-081,src/app/api/wines/[id]/overpaid/route.ts,40,internal_error,Lookup failed.,api,POST /api/wines/:id/overpaid,4,,
api-082,src/app/api/wines/[id]/pricing-targets/route.ts,55,bad_request,Invalid JSON.,api,PATCH /api/wines/:id/pricing-targets,4,,
api-083,src/app/api/wines/[id]/pricing-targets/route.ts,60,validation_error,Invalid body.,api,PATCH /api/wines/:id/pricing-targets,4,,
api-084,src/app/api/wines/[id]/pricing-targets/route.ts,64,bad_request,No valid fields.,api,PATCH /api/wines/:id/pricing-targets,4,,
api-085,src/app/api/wines/[id]/pricing-targets/route.ts,95,internal_error,Update failed.,api,PATCH /api/wines/:id/pricing-targets,4,,
api-086,src/app/api/wines/[id]/route.ts,70,bad_request,Invalid JSON.,api,PATCH /api/wines/:id,4,,
api-087,src/app/api/wines/[id]/route.ts,75,validation_error,Invalid input.,api,PATCH /api/wines/:id,4,,
api-088,src/app/api/wines/[id]/route.ts,80,bad_request,No valid fields to update.,api,PATCH /api/wines/:id,4,,
api-089,src/app/api/wines/[id]/route.ts,116,internal_error,Update failed.,api,PATCH /api/wines/:id,4,,
api-090,src/app/api/wines/[id]/snooze-alert/route.ts,74,internal_error,Lookup failed.,api,POST /api/wines/:id/snooze-alert,4,,
api-091,src/app/api/wines/create-from-lwin/route.ts,24,bad_request,Invalid JSON.,api,POST /api/wines/create-from-lwin,4,,
api-092,src/app/api/wines/merge/route.ts,34,invalid_json,Invalid JSON.,api,POST /api/wines/merge,4,,
api-093,src/app/api/wines/merge/route.ts,38,validation_error,Invalid input.,api,POST /api/wines/merge,4,,
api-094,src/app/api/wines/merge/route.ts,112,internal_error,Merge failed.,api,POST /api/wines/merge,4,,
api-095,src/app/api/wines/refresh-retail-batch/route.ts,71,internal_error,Lookup failed.,api,POST /api/wines/refresh-retail-batch,4,,
api-096,src/app/api/wines/search/route.ts,104,internal_error,Search failed.,api,GET /api/wines/search,4,,
ui-097,src/app/(app)/lists/wine-list-landing.tsx,123,(client fallback),Couldn't delete wine list.,ui,DELETE /api/wine-lists/:id response has no server message to display,5,,
api-098,src/app/api/bins/[id]/route.ts,156,duplicate_bin_code,A bin with that code already exists.,api,? /api/bins/:id,5,,
api-099,src/app/api/bins/[id]/route.ts,163,internal_error,Failed to update bin.,api,? /api/bins/:id,5,,
api-100,src/app/api/bins/[id]/route.ts,177,internal_error,Failed to read bin.,api,? /api/bins/:id,5,,
api-101,src/app/api/bins/[id]/route.ts,179,not_found,Bin not found.,api,? /api/bins/:id,5,,
api-102,src/app/api/bins/[id]/route.ts,186,bin_changed,Bin changed; retry.,api,? /api/bins/:id,5,,
api-103,src/app/api/bins/[id]/route.ts,227,internal_error,Failed to mirror bin code.,api,? /api/bins/:id,5,,
api-104,src/app/api/bins/[id]/route.ts,265,not_found,Bin not found.,api,PATCH /api/bins/:id,5,,
api-105,src/app/api/bins/route.ts,71,internal_error,Failed to fetch bins.,api,GET /api/bins,5,,
api-106,src/app/api/bins/route.ts,86,internal_error,Failed to fetch bin occupancy.,api,GET /api/bins,5,,
api-107,src/app/api/bins/route.ts,116,duplicate_bin_code,A bin with that code already exists.,api,POST /api/bins,5,,
api-108,src/app/api/bins/route.ts,126,internal_error,Failed to create bin.,api,POST /api/bins,5,,
api-109,src/app/api/bins/suggest/route.ts,144,internal_error,Failed to fetch wine.,api,GET /api/bins/suggest,5,,
api-110,src/app/api/bins/suggest/route.ts,146,not_found,Wine not found.,api,GET /api/bins/suggest,5,,
api-111,src/app/api/bins/suggest/route.ts,154,internal_error,Failed to fetch bins.,api,GET /api/bins/suggest,5,,
api-112,src/app/api/bins/suggest/route.ts,167,internal_error,Failed to fetch bin inventory.,api,GET /api/bins/suggest,5,,
api-113,src/app/api/brand-kit/propose/route.ts,65,not_found,Brand kit not found.,api,POST /api/brand-kit/propose,5,,
api-114,src/app/api/brand-kit/propose/route.ts,66,not_found,Wine list not found.,api,POST /api/brand-kit/propose,5,,
api-115,src/app/api/brand-kit/propose/route.ts,70,invalid_brand_palette,The saved brand palette is invalid. Upload the logo again.,api,POST /api/brand-kit/propose,5,,
api-116,src/app/api/brand-kit/propose/route.ts,93,bad_gateway,"Theme generation returned fewer than 3 accessible, uniquely named designs after retrying. Try again.",api,POST /api/brand-kit/propose,5,,
api-117,src/app/api/brand-kit/route.ts,32,bad_request,Logo file is empty.,api,POST /api/brand-kit,5,,
api-118,src/app/api/brand-kit/route.ts,33,too_large,Logo must be under 2 MB.,api,POST /api/brand-kit,5,,
api-119,src/app/api/brand-kit/route.ts,35,unsupported_logo_format,(dynamic) SUPPORTED_LOGO_MESSAGE,api,POST /api/brand-kit,5,,
api-120,src/app/api/brand-kit/route.ts,43,invalid_logo,(dynamic) `The logo could not be decoded. ${SUPPORTED_LOGO_MESSAGE}`,api,POST /api/brand-kit,5,,
api-121,src/app/api/cellar-health/recompute/route.ts,26,internal_error,Cellar health recompute is unavailable.,api,POST /api/cellar-health/recompute,5,,
api-122,src/app/api/cellar-health/recompute/route.ts,43,internal_error,Cellar health recompute failed.,api,POST /api/cellar-health/recompute,5,,
api-123,src/app/api/cellar/[id]/route.ts,68,not_found,Inventory item not found.,api,PATCH /api/cellar/:id,5,,
api-124,src/app/api/cellar/[id]/route.ts,105,not_found,Wine not found.,api,DELETE /api/cellar/:id,5,,
api-125,src/app/api/cellar/[id]/route.ts,116,internal_error,Failed to check pour history.,api,DELETE /api/cellar/:id,5,,
api-126,src/app/api/cellar/[id]/route.ts,119,wine_has_pours,"(dynamic) `Cannot delete ""${wine.producer} ${wine.name}"" — it has ${pourCount} pour event${pourCount === 1 ? """" : ""s""}.`",api,DELETE /api/cellar/:id,5,,
api-127,src/app/api/cellar/[id]/route.ts,133,internal_error,Failed to check inventory.,api,DELETE /api/cellar/:id,5,,
api-128,src/app/api/cellar/[id]/route.ts,136,wine_has_inventory,"(dynamic) `Cannot delete ""${wine.producer} ${wine.name}"" — it has ${invCount} inventory item${invCount === 1 ? """" : ""s""}. 86 the wine instead.`",api,DELETE /api/cellar/:id,5,,
api-129,src/app/api/cellar/[id]/route.ts,150,internal_error,Failed to check wine list references.,api,DELETE /api/cellar/:id,5,,
api-130,src/app/api/cellar/[id]/route.ts,153,wine_on_lists,"(dynamic) `Cannot delete ""${wine.producer} ${wine.name}"" — it appears on ${wliCount} wine list${wliCount === 1 ? """" : ""s""}. Remove it from lists first.`",api,DELETE /api/cellar/:id,5,,
api-131,src/app/api/cellar/[id]/route.ts,168,internal_error,Failed to check scan references.,api,DELETE /api/cellar/:id,5,,
api-132,src/app/api/cellar/[id]/route.ts,171,wine_from_scan,"(dynamic) `Cannot delete ""${wine.producer} ${wine.name}"" — it was imported via ${scanRefs.length} invoice scan${scanRefs.length === 1 ? """" : ""s""}. Remove the scan record first.`",api,DELETE /api/cellar/:id,5,,
api-133,src/app/api/cellar/[id]/route.ts,191,internal_error,Failed to delete wine.,api,DELETE /api/cellar/:id,5,,
api-134,src/app/api/cellar/[id]/section/route.ts,52,not_found,Wine not found.,api,PATCH /api/cellar/:id/section,5,,
api-135,src/app/api/cellar/[id]/section/route.ts,68,internal_error,Failed to update section.,api,PATCH /api/cellar/:id/section,5,,
api-136,src/app/api/cellar/batch-section/route.ts,49,internal_error,Failed to verify wines.,api,POST /api/cellar/batch-section,5,,
api-137,src/app/api/cellar/batch-section/route.ts,53,bad_request,One or more wines not found in your restaurant.,api,POST /api/cellar/batch-section,5,,
api-138,src/app/api/cellar/batch-section/route.ts,69,internal_error,Failed to update sections.,api,POST /api/cellar/batch-section,5,,
api-139,src/app/api/cellar/config/route.ts,57,internal_error,Failed to fetch cellar configuration.,api,GET /api/cellar/config,5,,
api-140,src/app/api/cellar/config/route.ts,78,bad_request,"(dynamic) parsed.error.issues[0]?.message ?? ""Invalid input.""",api,POST /api/cellar/config,5,,
api-141,src/app/api/cellar/config/route.ts,102,internal_error,Failed to create cellar configuration.,api,POST /api/cellar/config,5,,
api-142,src/app/api/cellar/config/route.ts,135,validation_error,Invalid sections.,api,PATCH /api/cellar/config,5,,
api-143,src/app/api/cellar/config/route.ts,142,bad_request,Provide sections and/or pour_defaults.,api,PATCH /api/cellar/config,5,,
api-144,src/app/api/cellar/config/route.ts,185,internal_error,Failed to create cellar configuration.,api,PATCH /api/cellar/config,5,,
api-145,src/app/api/cellar/config/route.ts,217,internal_error,Failed to update cellar configuration.,api,PATCH /api/cellar/config,5,,
api-146,src/app/api/cellar/grid/route.ts,26,internal_error,Failed to fetch grid data.,api,GET /api/cellar/grid,5,,
api-147,src/app/api/cellar/route.ts,92,internal_error,Failed to create wine.,api,POST /api/cellar,5,,
api-148,src/app/api/cellar/route.ts,119,internal_error,Failed to add wine to inventory.,api,POST /api/cellar,5,,
api-149,src/app/api/cellar/voice-resolve/handler.ts,104,too_large,Voice recording must be under 2 MB.,api,? /api/cellar/voice-resolve,5,,
api-150,src/app/api/cellar/voice-resolve/handler.ts,112,bad_request,Voice recording is empty.,api,? /api/cellar/voice-resolve,5,,
api-151,src/app/api/cellar/voice-resolve/handler.ts,114,too_large,Voice recording must be under 2 MB.,api,? /api/cellar/voice-resolve,5,,
api-152,src/app/api/cellar/voice-resolve/handler.ts,118,unsupported_media_type,Use WebM/Opus or MP4/AAC audio.,api,? /api/cellar/voice-resolve,5,,
api-153,src/app/api/dev-login/route.ts,42,bad_gateway,Temporary login unavailable.,api,? /api/dev-login,5,,
api-154,src/app/api/insights/csv/route.ts,182,internal_error,Failed to generate CSV export.,api,GET /api/insights/csv,5,,
api-155,src/app/api/insights/drink-window-alerts/route.ts,36,internal_error,Failed to fetch alerts.,api,GET /api/insights/drink-window-alerts,5,,
api-156,src/app/api/insights/pour/route.ts,224,internal_error,Failed to load pour analytics.,api,GET /api/insights/pour,5,,
api-157,src/app/api/insights/pricing-review/route.ts,36,internal_error,Failed to fetch pricing alerts.,api,GET /api/insights/pricing-review,5,,
api-158,src/app/api/insights/route.ts,104,internal_error,Failed to load insights data.,api,GET /api/insights,5,,
api-159,src/app/api/insights/snoozed/route.ts,109,internal_error,Failed to fetch snoozed alerts.,api,GET /api/insights/snoozed,5,,
api-160,src/app/api/open-bottles/[id]/close/route.ts,61,not_found,Bottle not found.,api,POST /api/open-bottles/:id/close,5,,
api-161,src/app/api/open-bottles/[id]/close/route.ts,67,already_closed,Bottle is already closed.,api,POST /api/open-bottles/:id/close,5,,
api-162,src/app/api/open-bottles/[id]/close/route.ts,70,internal_error,Failed to close bottle.,api,POST /api/open-bottles/:id/close,5,,
api-163,src/app/api/open-bottles/close/route.ts,35,writeoff_reason_required,A reason code is required for a write-off.,api,POST /api/open-bottles/close,5,,
api-164,src/app/api/open-bottles/close/route.ts,53,open_bottle_not_found,Open bottle not found.,api,POST /api/open-bottles/close,5,,
api-165,src/app/api/open-bottles/close/route.ts,68,internal_error,Failed to close bottle.,api,POST /api/open-bottles/close,5,,
api-166,src/app/api/open-bottles/close/route.ts,79,wine_not_found,Wine not found.,api,POST /api/open-bottles/close,5,,
api-167,src/app/api/open-bottles/close/route.ts,81,open_bottle_not_found,Open bottle not found.,api,POST /api/open-bottles/close,5,,
api-168,src/app/api/open-bottles/close/route.ts,85,wine_size_unknown,Wine bottle size is unknown.,api,POST /api/open-bottles/close,5,,
api-169,src/app/api/open-bottles/close/route.ts,87,invalid_actual_remaining,Actual remaining volume is outside the bottle's capacity.,api,POST /api/open-bottles/close,5,,
api-170,src/app/api/open-bottles/close/route.ts,93,invalid_writeoff_amount,Write-off must not exceed the actual remaining volume.,api,POST /api/open-bottles/close,5,,
api-171,src/app/api/open-bottles/close/route.ts,99,writeoff_reason_required,A reason code is required for a write-off.,api,POST /api/open-bottles/close,5,,
api-172,src/app/api/open-bottles/close/route.ts,105,invalid_reason_code,Reason code must be an active spoilage or adjustment reason.,api,POST /api/open-bottles/close,5,,
api-173,src/app/api/open-bottles/route.ts,62,not_found,Wine not found.,api,POST /api/open-bottles,5,,
api-174,src/app/api/open-bottles/route.ts,86,no_sealed_stock,No sealed bottles available to open.,api,POST /api/open-bottles,5,,
api-175,src/app/api/open-bottles/route.ts,112,internal_error,Failed to open bottle.,api,POST /api/open-bottles,5,,
api-176,src/app/api/open-bottles/route.ts,123,internal_error,Failed to open bottle.,api,POST /api/open-bottles,5,,
api-177,src/app/api/open-bottles/route.ts,145,internal_error,Failed to open bottle.,api,POST /api/open-bottles,5,,
api-178,src/app/api/open-bottles/route.ts,167,internal_error,Failed to open bottle.,api,POST /api/open-bottles,5,,
api-179,src/app/api/pdf/route.ts,57,not_found,Wine list not found.,api,POST /api/pdf,5,,
api-180,src/app/api/pdf/route.ts,60,pdf_generation_failed,PDF generation failed.,api,POST /api/pdf,5,,
api-181,src/app/api/pour/route.ts,63,not_found,Wine not found.,api,POST /api/pour,5,,
api-182,src/app/api/pour/route.ts,93,no_inventory,No inventory available.,api,POST /api/pour,5,,
api-183,src/app/api/pour/undo/route.ts,59,not_found,Pour to undo not found.,api,POST /api/pour/undo,5,,
api-184,src/app/api/pricing-recommendations/recompute/route.ts,26,internal_error,Pricing recommendations recompute is unavailable.,api,POST /api/pricing-recommendations/recompute,5,,
api-185,src/app/api/pricing-recommendations/recompute/route.ts,43,internal_error,Pricing recommendations recompute failed.,api,POST /api/pricing-recommendations/recompute,5,,
api-186,src/app/api/reconcile-queue/accept/route.ts,56,not_found,Reconcile subject not found.,api,? /api/reconcile-queue/accept,5,,
api-187,src/app/api/reconcile-queue/undo/route.ts,14,not_found,Reconcile batch not found.,api,? /api/reconcile-queue/undo,5,,
api-188,src/app/api/reconcile-queue/undo/route.ts,18,internal_error,Reconcile undo failed.,api,? /api/reconcile-queue/undo,5,,
api-189,src/app/api/reconcile/route.ts,77,EXCEEDS_SIZE,new_remaining_ml exceeds bottle size.,api,POST /api/reconcile,5,,
api-190,src/app/api/restaurant/[id]/route.ts,34,forbidden,Not a member of this restaurant.,api,GET /api/restaurant/:id,5,,
api-191,src/app/api/restaurant/[id]/route.ts,61,forbidden,Not a member of this restaurant.,api,PUT /api/restaurant/:id,5,,
api-192,src/app/api/scan-bottle/confirm/route.ts,42,wine_not_found,Wine not found or not in your restaurant.,api,POST /api/scan-bottle/confirm,5,,
api-193,src/app/api/scan-bottle/route.ts,65,wine_not_found,No wine found for that QR code. It may have been deleted.,api,POST /api/scan-bottle,5,,
api-194,src/app/api/scan-bottle/route.ts,73,cross_tenant_qr,This QR code belongs to a different restaurant.,api,POST /api/scan-bottle,5,,
api-195,src/app/api/scan-bottle/route.ts,97,bad_request,Empty file.,api,POST /api/scan-bottle,5,,
api-196,src/app/api/scan-bottle/route.ts,100,too_large,File exceeds 20 MB.,api,POST /api/scan-bottle,5,,
api-197,src/app/api/scan-bottle/route.ts,103,unsupported_media_type,"(dynamic) `Unsupported file type: ${file.type || ""unknown""}. Use JPEG or PNG.`",api,POST /api/scan-bottle,5,,
api-198,src/app/api/scan-bottle/route.ts,144,parse_failed,Could not identify the wine from this photo. Try a clearer photo of the label.,api,POST /api/scan-bottle,5,,
api-199,src/app/api/scan-bottle/route.ts,166,rate_limited,Rate limited. Wait a minute and try again.,api,POST /api/scan-bottle,5,,
api-200,src/app/api/scan-bottle/route.ts,169,bad_request,Could not process this photo. Try a different angle or better lighting.,api,POST /api/scan-bottle,5,,
api-201,src/app/api/scan-bottle/route.ts,172,bad_gateway,The AI service encountered an error. Please try again.,api,POST /api/scan-bottle,5,,
api-202,src/app/api/scan-bottle/route.ts,179,internal_error,Something went wrong identifying the wine.,api,POST /api/scan-bottle,5,,
api-203,src/app/api/scan/route.ts,101,rate_limited,Too many scan requests. Please wait before scanning again.,api,POST /api/scan,5,,
api-204,src/app/api/scan/route.ts,133,unsupported_media_type,"Unsupported file type: ."" +
          (ext || ""unknown"") +
          "". Allowed: jpeg, png, heic, pdf.",api,POST /api/scan,5,,
api-205,src/app/api/scan/route.ts,140,not_found,Image not found.,api,POST /api/scan,5,,
api-206,src/app/api/scan/route.ts,234,bad_request,(dynamic) `Select up to ${MAX_INVOICE_PAGES} pages per invoice scan. You selected ${files.length}.`,api,POST /api/scan,5,,
api-207,src/app/api/scan/route.ts,239,bad_request,Empty file.,api,POST /api/scan,5,,
api-208,src/app/api/scan/route.ts,241,too_large,File exceeds 10 MB.,api,POST /api/scan,5,,
api-209,src/app/api/scan/route.ts,244,unsupported_media_type,"Unsupported file type: "" + (pageFile.type || ""unknown"") + "".",api,POST /api/scan,5,,
api-210,src/app/api/scan/route.ts,259,mixed_pdf_batch,"(dynamic) pdfCount > 1
        ? `Upload one PDF per invoice. You selected ${pdfCount} PDFs — scan each invoice separately, or take a photo of each page for a multi-page paper invoice.`
        : ""A PDF is a complete invoice on its own. Upload it by itself, or upload photos without a PDF.""",api,POST /api/scan,5,,
api-211,src/app/api/scans/[id]/commit/route.ts,43,not_found,Scan not found.,api,POST /api/scans/:id/commit,5,,
api-212,src/app/api/scans/[id]/commit/route.ts,47,bad_request,Scan has no valid line items to commit.,api,POST /api/scans/:id/commit,5,,
api-213,src/app/api/scans/[id]/commit/route.ts,66,scan_already_committed,This scan has already been committed to inventory.,api,POST /api/scans/:id/commit,5,,
api-214,src/app/api/scans/[id]/image/route.ts,38,not_found,Scan image not found.,api,GET /api/scans/:id/image,5,,
api-215,src/app/api/scans/[id]/image/route.ts,41,internal_error,Failed to generate image URL.,api,GET /api/scans/:id/image,5,,
api-216,src/app/api/scans/[id]/re-extract/route.ts,39,error.code,Unable to extract wines from stored OCR.,api,? /api/scans/:id/re-extract,5,,
api-217,src/app/api/scans/[id]/re-extract/route.ts,47,rate_limited,Extraction provider rate limited.,api,? /api/scans/:id/re-extract,5,,
api-218,src/app/api/scans/[id]/re-extract/route.ts,50,bad_input,Stored OCR could not be processed.,api,? /api/scans/:id/re-extract,5,,
api-219,src/app/api/scans/[id]/re-extract/route.ts,57,bad_gateway,Extraction provider unavailable.,api,? /api/scans/:id/re-extract,5,,
api-220,src/app/api/scans/[id]/re-extract/route.ts,84,not_found,Scan not found.,api,POST /api/scans/:id/re-extract,5,,
api-221,src/app/api/scans/[id]/re-extract/route.ts,88,missing_ocr_text,Scan has no stored OCR text to re-extract.,api,POST /api/scans/:id/re-extract,5,,
api-222,src/app/api/scans/[id]/re-extract/route.ts,102,invalid_ocr_text,Scan has no valid OCR text to re-extract.,api,POST /api/scans/:id/re-extract,5,,
api-223,src/app/api/scans/[id]/re-extract/route.ts,124,no_wines_extracted,No wines could be extracted from the stored OCR.,api,POST /api/scans/:id/re-extract,5,,
api-224,src/app/api/scans/[id]/re-extract/route.ts,213,scan_superseded,Scan was updated by another request while this re-extraction was running.,api,POST /api/scans/:id/re-extract,5,,
api-225,src/app/api/stock-adjustments/route.ts,57,not_found,Wine not found.,api,POST /api/stock-adjustments,5,,
api-226,src/app/api/stock-adjustments/route.ts,59,invalid_reason_code,Reason code must be active for this restaurant.,api,POST /api/stock-adjustments,5,,
api-227,src/app/api/stock-adjustments/route.ts,69,invalid_reason_code,(dynamic) `Reason category '${reason.category}' does not apply to a ${body.kind}.`,api,POST /api/stock-adjustments,5,,
api-228,src/app/api/team/accept-invite/route.ts,35,unauthorized,Unauthorized,api,POST /api/team/accept-invite,5,,
api-229,src/app/api/team/accept-invite/route.ts,61,bad_request,Invitation token is required.,api,POST /api/team/accept-invite,5,,
api-230,src/app/api/team/accept-invite/route.ts,70,internal_error,Failed to accept invitation.,api,POST /api/team/accept-invite,5,,
api-231,src/app/api/team/accept-invite/route.ts,81,not_found,Invalid or expired invitation. not found.,api,POST /api/team/accept-invite,5,,
api-232,src/app/api/team/accept-invite/route.ts,90,not_found,Invalid or expired invitation. not found.,api,POST /api/team/accept-invite,5,,
api-233,src/app/api/team/accept-invite/route.ts,117,bad_request,This invitation has already been used.,api,POST /api/team/accept-invite,5,,
api-234,src/app/api/team/accept-invite/route.ts,121,bad_request,This invitation has expired.,api,POST /api/team/accept-invite,5,,
api-235,src/app/api/team/accept-invite/route.ts,143,internal_error,Failed to join restaurant.,api,POST /api/team/accept-invite,5,,
api-236,src/app/api/team/invite/route.ts,31,bad_request,"(dynamic) parsed.error.issues[0]?.message ?? ""Invalid input.""",api,POST /api/team/invite,5,,
api-237,src/app/api/team/invite/route.ts,57,internal_error,Failed to create invitation.,api,POST /api/team/invite,5,,
api-238,src/app/api/team/members/[id]/route.ts,28,bad_request,"Invalid role. Must be owner, manager, or staff.",api,PATCH /api/team/members/:id,5,,
api-239,src/app/api/team/members/[id]/route.ts,40,not_found,Member not found.,api,PATCH /api/team/members/:id,5,,
api-240,src/app/api/team/members/[id]/route.ts,52,bad_request,Cannot demote the last owner.,api,PATCH /api/team/members/:id,5,,
api-241,src/app/api/team/members/[id]/route.ts,67,internal_error,Failed to update role.,api,PATCH /api/team/members/:id,5,,
api-242,src/app/api/team/members/[id]/route.ts,91,not_found,Member not found.,api,DELETE /api/team/members/:id,5,,
api-243,src/app/api/team/members/[id]/route.ts,96,bad_request,Cannot remove yourself.,api,DELETE /api/team/members/:id,5,,
api-244,src/app/api/team/members/[id]/route.ts,107,internal_error,Failed to remove member.,api,DELETE /api/team/members/:id,5,,
api-245,src/app/api/wine-list-items/[id]/route.ts,25,not_found,Item not found.,api,DELETE /api/wine-list-items/:id,5,,
api-246,src/app/api/wine-list-items/[id]/route.ts,96,not_found,Item not found.,api,PATCH /api/wine-list-items/:id,5,,
api-247,src/app/api/wine-list-items/reorder/route.ts,32,bad_request,orderedIds array is required.,api,PATCH /api/wine-list-items/reorder,5,,
api-248,src/app/api/wine-list-items/reorder/route.ts,37,not_found,One or more items not found.,api,PATCH /api/wine-list-items/reorder,5,,
api-249,src/app/api/wine-list-items/route.ts,32,bad_request,"(dynamic) parsed.error.issues[0]?.message ?? ""Invalid input.""",api,POST /api/wine-list-items,5,,
api-250,src/app/api/wine-list-items/route.ts,44,not_found,Section not found.,api,POST /api/wine-list-items,5,,
api-251,src/app/api/wine-list-items/route.ts,88,internal_error,Failed to add wine.,api,POST /api/wine-list-items,5,,
api-252,src/app/api/wine-list-sections/[id]/route.ts,40,not_found,Section not found.,api,PATCH /api/wine-list-sections/:id,5,,
api-253,src/app/api/wine-list-sections/[id]/route.ts,70,not_found,Section not found.,api,DELETE /api/wine-list-sections/:id,5,,
api-254,src/app/api/wine-list-sections/reorder/route.ts,24,bad_request,orderedIds array is required.,api,PATCH /api/wine-list-sections/reorder,5,,
api-255,src/app/api/wine-list-sections/reorder/route.ts,30,not_found,One or more sections not found.,api,PATCH /api/wine-list-sections/reorder,5,,
api-256,src/app/api/wine-list-sections/route.ts,61,not_found,Wine list not found.,api,POST /api/wine-list-sections,5,,
api-257,src/app/api/wine-lists/[id]/clone/route.ts,54,not_found,Wine list not found.,api,POST /api/wine-lists/:id/clone,5,,
api-258,src/app/api/wine-lists/[id]/csv/route.ts,49,not_found,Wine list not found.,api,GET /api/wine-lists/:id/csv,5,,
api-259,src/app/api/wine-lists/[id]/csv/route.ts,116,internal_error,Failed to generate CSV export.,api,GET /api/wine-lists/:id/csv,5,,
api-260,src/app/api/wine-lists/[id]/publish/route.ts,42,not_found,Wine list not found.,api,POST /api/wine-lists/:id/publish,5,,
api-261,src/app/api/wine-lists/[id]/publish/route.ts,76,slug_collision,This slug is already in use by another list in your restaurant.,api,POST /api/wine-lists/:id/publish,5,,
api-262,src/app/api/wine-lists/[id]/publish/route.ts,138,not_found,Wine list not found.,api,DELETE /api/wine-lists/:id/publish,5,,
api-263,src/app/api/wine-lists/[id]/route.ts,56,invalid_slug,Slug must not be empty.,api,PATCH /api/wine-lists/:id,5,,
api-264,src/app/api/wine-lists/[id]/route.ts,59,invalid_slug,"Slug must contain only lowercase letters, numbers, and hyphens.",api,PATCH /api/wine-lists/:id,5,,
api-265,src/app/api/wine-lists/[id]/route.ts,65,invalid_slug,Slug must be 50 characters or fewer.,api,PATCH /api/wine-lists/:id,5,,
api-266,src/app/api/wine-lists/[id]/route.ts,77,slug_collision,This slug is already in use by another list in your restaurant.,api,PATCH /api/wine-lists/:id,5,,
api-267,src/app/api/wine-lists/[id]/route.ts,106,not_found,Wine list not found.,api,PATCH /api/wine-lists/:id,5,,
api-268,src/app/api/wine-lists/[id]/route.ts,134,not_found,Wine list not found.,api,DELETE /api/wine-lists/:id,5,,
api-269,src/app/api/wine-lists/[id]/route.ts,144,not_found,Wine list not found.,api,DELETE /api/wine-lists/:id,5,,
api-270,src/app/api/wine-lists/[id]/route.ts,148,must_archive_first,Active lists must be archived before they can be deleted.,api,DELETE /api/wine-lists/:id,5,,
api-271,src/app/api/wine-lists/[id]/route.ts,218,not_found,Wine list not found.,api,DELETE /api/wine-lists/:id,5,,
api-272,src/app/api/wine-lists/[id]/theme/route.ts,35,theme_contrast_failed,(dynamic) `${failure.pair} is ${failure.ratio.toFixed(2)}:1; WCAG AA requires ${failure.required.toFixed(2)}:1. Choose a higher-contrast colour pair.`,api,POST /api/wine-lists/:id/theme,5,,
api-273,src/app/api/wine-lists/[id]/theme/route.ts,49,not_found,Wine list not found.,api,POST /api/wine-lists/:id/theme,5,,
api-274,src/app/api/wine-lists/route.ts,29,bad_request,"(dynamic) parsed.error.issues[0]?.message ?? ""Invalid input.""",api,POST /api/wine-lists,5,,
api-275,src/app/api/wine-lists/route.ts,57,internal_error,Failed to create wine list.,api,POST /api/wine-lists,5,,
api-276,src/app/api/wine-lists/route.ts,85,internal_error,Failed to create sections.,api,POST /api/wine-lists,5,,
api-277,src/app/api/wines/[id]/availability/route.ts,72,not_found,Wine not found.,api,PATCH /api/wines/:id/availability,5,,
api-278,src/app/api/wines/[id]/dismiss-pricing-alert/route.ts,25,forbidden,Dismissing pricing alerts requires owner or manager role.,api,POST /api/wines/:id/dismiss-pricing-alert,5,,
api-279,src/app/api/wines/[id]/dismiss-pricing-alert/route.ts,30,bad_request,wine id required,api,POST /api/wines/:id/dismiss-pricing-alert,5,,
api-280,src/app/api/wines/[id]/dismiss-pricing-alert/route.ts,67,not_found,Wine not found.,api,POST /api/wines/:id/dismiss-pricing-alert,5,,
api-281,src/app/api/wines/[id]/dismiss-pricing-alert/route.ts,82,internal_error,Failed to clear dismissal.,api,POST /api/wines/:id/dismiss-pricing-alert,5,,
api-282,src/app/api/wines/[id]/dismiss-pricing-alert/route.ts,97,internal_error,Failed to dismiss alert.,api,POST /api/wines/:id/dismiss-pricing-alert,5,,
api-283,src/app/api/wines/[id]/enrich/route.ts,39,forbidden,Enriching wines requires owner or manager role.,api,POST /api/wines/:id/enrich,5,,
api-284,src/app/api/wines/[id]/enrich/route.ts,44,bad_request,wine id required,api,POST /api/wines/:id/enrich,5,,
api-285,src/app/api/wines/[id]/enrich/route.ts,57,not_found,Wine not found.,api,POST /api/wines/:id/enrich,5,,
api-286,src/app/api/wines/[id]/enrich/route.ts,191,internal_error,Failed to write enrichment.,api,POST /api/wines/:id/enrich,5,,
api-287,src/app/api/wines/[id]/image/route.ts,39,bad_request,Expected multipart/form-data.,api,POST /api/wines/:id/image,5,,
api-288,src/app/api/wines/[id]/image/route.ts,44,bad_request,Missing 'file' field.,api,POST /api/wines/:id/image,5,,
api-289,src/app/api/wines/[id]/image/route.ts,57,not_found,Wine not found.,api,POST /api/wines/:id/image,5,,
api-290,src/app/api/wines/[id]/image/route.ts,66,internal_error,Image upload failed.,api,POST /api/wines/:id/image,5,,
api-291,src/app/api/wines/[id]/image/route.ts,96,not_found,Wine not found.,api,DELETE /api/wines/:id/image,5,,
api-292,src/app/api/wines/[id]/overpaid/route.ts,24,bad_request,wine id required,api,POST /api/wines/:id/overpaid,5,,
api-293,src/app/api/wines/[id]/overpaid/route.ts,43,not_found,Wine not found.,api,POST /api/wines/:id/overpaid,5,,
api-294,src/app/api/wines/[id]/overpaid/route.ts,59,internal_error,Failed to update flag.,api,POST /api/wines/:id/overpaid,5,,
api-295,src/app/api/wines/[id]/pricing-suggestion/route.ts,45,bad_request,wine id required,api,GET /api/wines/:id/pricing-suggestion,5,,
api-296,src/app/api/wines/[id]/pricing-suggestion/route.ts,66,not_found,Wine not found.,api,GET /api/wines/:id/pricing-suggestion,5,,
api-297,src/app/api/wines/[id]/pricing-suggestion/route.ts,134,internal_error,Failed to compute suggestion.,api,GET /api/wines/:id/pricing-suggestion,5,,
api-298,src/app/api/wines/[id]/pricing-targets/route.ts,43,forbidden,Setting pricing targets requires owner or manager role.,api,PATCH /api/wines/:id/pricing-targets,5,,
api-299,src/app/api/wines/[id]/pricing-targets/route.ts,48,bad_request,wine id required,api,PATCH /api/wines/:id/pricing-targets,5,,
api-300,src/app/api/wines/[id]/pricing-targets/route.ts,98,not_found,Wine not found.,api,PATCH /api/wines/:id/pricing-targets,5,,
api-301,src/app/api/wines/[id]/refresh-retail/route.ts,31,forbidden,Refreshing retail data requires owner or manager role.,api,POST /api/wines/:id/refresh-retail,5,,
api-302,src/app/api/wines/[id]/refresh-retail/route.ts,36,bad_request,wine id required,api,POST /api/wines/:id/refresh-retail,5,,
api-303,src/app/api/wines/[id]/refresh-retail/route.ts,48,not_found,Wine not found.,api,POST /api/wines/:id/refresh-retail,5,,
api-304,src/app/api/wines/[id]/refresh-retail/route.ts,131,internal_error,Failed to write retail data.,api,POST /api/wines/:id/refresh-retail,5,,
api-305,src/app/api/wines/[id]/route.ts,120,not_found,Wine not found.,api,PATCH /api/wines/:id,5,,
api-306,src/app/api/wines/[id]/snooze-alert/route.ts,31,forbidden,Snoozing alerts requires owner or manager role.,api,POST /api/wines/:id/snooze-alert,5,,
api-307,src/app/api/wines/[id]/snooze-alert/route.ts,36,bad_request,wine id required,api,POST /api/wines/:id/snooze-alert,5,,
api-308,src/app/api/wines/[id]/snooze-alert/route.ts,77,not_found,Wine not found.,api,POST /api/wines/:id/snooze-alert,5,,
api-309,src/app/api/wines/[id]/snooze-alert/route.ts,93,internal_error,Failed to clear snooze.,api,POST /api/wines/:id/snooze-alert,5,,
api-310,src/app/api/wines/[id]/snooze-alert/route.ts,108,internal_error,Failed to snooze alert.,api,POST /api/wines/:id/snooze-alert,5,,
api-311,src/app/api/wines/create-from-lwin/route.ts,29,bad_request,Missing required fields.,api,POST /api/wines/create-from-lwin,5,,
api-312,src/app/api/wines/create-from-lwin/route.ts,59,internal_error,Failed to create wine.,api,POST /api/wines/create-from-lwin,5,,
api-313,src/app/api/wines/merge/route.ts,42,bad_request,Source and target are the same wine.,api,POST /api/wines/merge,5,,
api-314,src/app/api/wines/merge/route.ts,57,internal_error,Failed to load wines for merge.,api,POST /api/wines/merge,5,,
api-315,src/app/api/wines/merge/route.ts,63,not_found,Wine not found.,api,POST /api/wines/merge,5,,
api-316,src/app/api/wines/merge/route.ts,71,lineage_mismatch_merge,These wines are not the same producer-cuvée. Merging is only for true duplicates.,api,POST /api/wines/merge,5,,
api-317,src/app/api/wines/merge/route.ts,77,cross_vintage_merge,"(dynamic) `${source.vintage ?? ""NV""} and ${target.vintage ?? ""NV""} are distinct vintages of ${target.producer} ${target.name} — they are already linked as vintage siblings, not duplicates.`",api,POST /api/wines/merge,5,,
api-318,src/app/api/wines/merge/route.ts,83,format_mismatch_merge,(dynamic) `${source.size_ml} ml and ${target.size_ml} ml are distinct formats.`,api,POST /api/wines/merge,5,,
api-319,src/app/api/wines/merge/route.ts,102,not_found,Wine not found.,api,POST /api/wines/merge,5,,
api-320,src/app/api/wines/refresh-retail-batch/route.ts,33,forbidden,Refreshing retail data requires owner or manager role.,api,POST /api/wines/refresh-retail-batch,5,,
ui-321,src/app/global-error.tsx,69,(root error boundary),Something went wrong. / An unexpected error occurred. The team has been notified...,ui,"Root layout itself throws (last-resort boundary, App Router error.tsx can't catch it)",5,,
